A_sf_m2,r_st_m3_per_m2,Q_demand,T_demand,SOLFRAC
421.9642717652101,0.0674723269267011,5038.88577782243,77.11263354242969,0.1123541447923827
100.96517771751222,0.022944582504474145,447.4664708875518,82.69673107899249,0.29726998177743424
454.2419397696281,0.0033319693730796164,1749.0623542201265,88.44554205901383,0.3005482904114223
480.0357004810364,0.0677355688772922,2084.919672719044,78.4828657063464,0.28967331438850497
268.1228552623392,0.04526803134227978,4537.978905289409,89.75072604221253,0.07859142738197164
738.8931672030837,0.05826410666380676,1725.0533146631137,90.25816142881325,0.48172147884430216
144.08353538560505,0.021983113295300297,5269.40237891173,87.73649044098512,0.042037752104839676
225.79371389455162,0.05671988454195714,1481.4383818330903,90.81506608002098,0.20084017454127603
113.72460517056128,0.04886727667130079,1476.9244019902378,84.12128920492982,0.11054983798752573
704.4672415115722,0.07547567567232244,3343.2507719100813,86.3335243183651,0.26026261118230926
560.310369661338,0.022280432012793505,4863.198179051718,89.5689735116806,0.15121337079242372
46.560927713919675,0.009202864029796549,953.0600894562924,87.08155755653974,0.08124282938130617
115.85522450028712,0.07746328773042434,4592.308215077953,91.10140832460854,0.036240740407312545
215.79094571671067,0.074843763948554,1132.7700557172957,76.8428897890045,0.24039635584034139
748.6854068813194,0.004067346111888957,4772.698762262344,89.9619958592767,0.20310798963846477
383.88310796210493,0.027988502401378672,1348.189910199032,93.78721451685462,0.3176844313123383
336.4265110794761,0.06156495999250336,4004.9001849692754,81.37889240624823,0.11029043499074143
462.2696030897179,0.03453870984179626,1157.1123676581067,91.3876017954011,0.4590426439602871
544.9427996018346,0.07062993015728397,3540.867583930012,82.22327068887917,0.2098590163098281
371.87716130197424,0.030371199929520972,1440.2850775336308,93.02613786955578,0.31599880364281435
717.0800326907246,0.024925633343303676,353.58687948840526,90.56429175591411,0.8096006022747478
941.8464177010608,0.07293513827880296,1501.9423417711723,85.13981029855896,0.6389582402473564
104.31625990389456,0.039567449192985146,711.5836325611195,94.56686429798418,0.191130865911844
844.8735485449894,0.07278688902538331,3583.846542046535,90.09199521144109,0.29005711337169093
778.453394612472,0.017223884633188975,2337.426337954569,86.48234780887556,0.37769060650706043
3.8009444317315504,0.06978253894484404,4599.095997809521,75.46312244608933,0.004399659180112006
397.4887629584326,0.04283286315023707,1369.409254754955,91.45757683567481,0.35227935828909834
724.3063666359952,0.02659615334181558,2564.3879744370693,76.38155741253156,0.3494023518618201
500.02159133392485,0.06810090607899498,4507.615123379299,83.9536412003325,0.1550502029991742
157.98203078399476,0.05208251758485835,2413.411613453043,87.56728309883162,0.08833777489596815
9.300170591425228,0.043041234519503695,699.6821384298113,87.0025332094754,0.028848527983351427
447.6737044559552,0.027187825893469707,1274.079834019616,78.12868187336606,0.4257702885985796
661.5048268652104,0.019991393690464612,2695.9326109226677,85.77587587311967,0.3011239119009923
241.65086371949633,0.05989822633983533,4016.8861133599617,87.164520896301,0.07981913075356903
111.21554969129737,0.005101644714876875,3335.8969126531233,86.12476320342212,0.049784478343317576
801.3831137784648,0.023390440488961602,2956.813265710365,88.58807997713733,0.3307581147967438
504.8259860465555,0.06022107881230012,4326.6541011380195,94.52171061112183,0.16216459139280964
824.7003161541122,0.0734953097249147,4340.12649509415,79.65033117213717,0.2499601607545579
246.04377133876466,0.02800768807044656,1656.8343723154426,84.31912867009548,0.1944360525935422
164.46903883562018,0.04050875211348102,4497.312794544234,84.50043142274393,0.05779129256700513
88.11797856937764,0.0381996163599797,900.1489949069526,87.9706831440096,0.13610809499410437
811.9790814795306,0.07976162036403565,4083.008906853688,87.26619109979681,0.24686009653503274
994.6157223503188,0.0008114545294165692,3419.604110691322,77.53172978456199,0.34257141470201646
797.5519682340973,0.006663254410388898,1861.1545063040676,83.01227620257166,0.36985711140721517
365.70731671320675,0.02757469697615319,737.8448658005564,83.8515213666721,0.5427605411461728
492.58340046862315,0.009933753569090785,2229.7973492713922,77.59869217956245,0.2438924812395451
124.61980011159075,0.036873090290269105,4099.317175610782,87.37499409222482,0.04392514306391736
93.95108112615358,0.019641747014444277,2133.7158177961046,89.67741206928554,0.059109556406238065
139.64536071123342,0.024599448710408672,3969.6875855360836,88.1606982981031,0.055506164132390394
973.2503164405238,0.06212791240575941,788.8395807153421,85.5042972917524,0.8331239125586255
441.0140783048043,0.021324827528509834,2275.724027742422,85.89794339086603,0.25091007690188954
906.259364272837,0.05176566092523854,1414.324384831872,81.5345890970183,0.6127122206204746
489.10362564947116,0.07687442773807687,2491.258182300205,89.2310809653361,0.25743047723691415
655.1715116792819,0.001012509312639987,3804.0110733778993,76.42981346349318,0.22449515212998428
485.84029248011257,0.03490393287421465,1671.9155243555479,75.80319527397222,0.35658533004578724
79.89579109227404,0.05237759964862306,3858.3034061861485,76.78465187718508,0.028852110673304433
175.73950925703105,0.002808204961439361,2180.6585722944596,75.73828548671106,0.11583284189018869
194.4130457548536,0.06264797697796293,3601.3828651251765,79.88626671909188,0.07445341235950888
35.384963193894926,0.0422214703290381,2687.258257552953,80.33556743720183,0.02068386821197267
317.6494752991315,0.05498396078847103,3871.060312827994,91.93605271307833,0.10902874623856823
109.82264345179513,0.04795694370697848,525.8748463420724,82.8086362215068,0.2923599532862021
539.7249363033986,0.030968434053470037,3066.4607743022048,94.92725230838587,0.21988410231950872
891.1082099584107,0.06085590622001495,3931.212756683741,92.2464416127691,0.2774185075900205
91.30281394387161,0.022502045244286003,1505.1219100954252,75.85650974967348,0.08358685185813093
922.5638930143433,0.004506666486958931,4381.225445912397,91.98782733286578,0.25901443775355315
881.1467363514605,0.06127673831081389,756.3973168950125,92.65923270778032,0.7545056553236182
14.356466099412133,0.03310961815143031,392.6597391875174,81.02691696003912,0.09761648445113609
774.9429555435518,0.04675888345940101,4725.510954585529,79.5606760920224,0.2254083140853922
638.9575897404395,0.007267282553776008,2514.0814219543477,91.59259195484434,0.31035088341493106
18.684605905441508,0.0024545317128428835,2952.1436659183496,84.16650405801245,0.013094489920988776
719.2783666963,0.045830151649797,5481.14481320571,88.24509621160513,0.1701345191658949
626.7464300840404,0.054297863659862104,3360.9091690232112,75.1091171688159,0.2469547448485971
430.41925572778183,0.017136073766353586,879.6398414202049,81.09810864517193,0.5383987764451246
766.9005561083223,0.03247014483197475,1112.5809820403306,92.4446689090146,0.6328405516498694
50.33813721673225,0.06318033083692115,2399.7982867481214,92.31470222744059,0.032371754194381784
512.2665340619875,0.024673002578282296,1001.2761235899721,75.38282562727034,0.55860669305915
976.7493220598475,0.07643109171058365,4549.387025471325,77.97405066751425,0.2673734751685233
959.462912947798,0.0572638820583339,2475.670738873414,76.86410507568174,0.4513504178968818
692.0022134095876,0.009415605037192798,5415.188966375156,77.40087963730457,0.17090408918298927
652.4259088177389,0.07668711311981656,1996.6832171814488,79.01282486447204,0.39878874429855815
899.1288315558843,0.05565907900377554,1017.7024581965835,80.50273838077982,0.7417221911707118
265.02484195678096,0.03580552465160547,2162.1785432524466,80.82250600082803,0.1615616603892855
870.1086019112998,0.02570359551797078,1833.8428705891845,92.1316391224008,0.5098513859720679
373.54494621596814,0.036185736626875915,3150.5854125796827,86.84017876617015,0.15479599240962097
445.4115964251667,0.07717293845784522,3186.846579222369,86.20283487885298,0.1822546577257644
720.6773257354936,0.07399415460746787,368.3213750224192,93.50033220775589,0.8221743055463966
276.42413693064054,0.01149929460355536,533.056617449168,92.74396815951417,0.5171198582270738
664.2931236415152,0.02109181969038635,640.8524657764627,79.96339481025191,0.8132492375825053
809.005034972159,0.07169158646772023,1518.3594388452873,80.77111632312032,0.587400189835372
74.7180692627665,0.020141774529533408,804.5188089095757,77.04020342809496,0.1358782964618765
643.7946254201427,0.04446110097788983,4265.909543689752,93.37693048907174,0.19185138542990515
408.0644776303893,0.06414284041034173,1389.7810321052789,90.34966553227908,0.35418682721218003
876.3123902932218,0.05875585943414361,4687.437374288824,79.54132007912051,0.23598441770217762
989.8849689518223,0.06246783709756151,843.3015473279546,79.2012574094482,0.8574547903754945
761.5885033006872,0.04191174589599206,4832.493926751285,90.35918909367062,0.20593687531424762
231.76879279511985,0.07626787829193113,929.3946254963001,82.51867971563354,0.31986724977088304
742.6045415965935,0.054115561810900645,3665.6249272307396,81.68873351646106,0.25337823381946106
614.1784155648527,0.02302077508638478,4804.8074340806115,76.3205839626279,0.1803055644789718
552.3069578193462,0.01474154060523073,5549.42540766156,76.48613146174543,0.14089952350481033
689.3463493689844,0.04642308869785555,4416.328785288246,87.44288227273043,0.20238548621464256
529.9887549243397,0.018029501304031505,3513.384521651753,75.97114830761093,0.19920005376387107
735.0880713719293,0.030404177057688154,1540.6971280694324,84.46239342311372,0.5330449508333959
338.2206441167289,0.04036099682098738,3194.6012940407254,88.06180201784517,0.1369723007159999
223.10735632173464,0.04989056903233058,2320.333514070973,93.84930619672897,0.1364671846115866
670.8415502110065,0.04375096390681438,3849.4721860461173,82.1165529883702,0.2219177970533418
295.3009147298167,0.03106108571012173,3308.8150306036755,77.16741844762542,0.12706519861566848
148.553579310019,0.04929961798633933,4982.750081754783,83.66906136267113,0.0443174846334981
535.5848810263162,0.023696291792315586,2213.919008405769,87.24863795138234,0.2987639906668318
951.9086538632309,0.050879078036408544,1014.3648150268763,86.89264130983184,0.7216938855776984
873.2184557786939,0.02162714372030051,3099.2854523596466,92.96282118914633,0.33718185043531607
97.40381404831616,0.07938281308690368,331.3220255577257,82.09275961222049,0.3897248051610505
960.3439327823007,0.03725346953465707,3038.022304170159,92.46683734189568,0.35233371882314435
243.86362880021684,0.03853909099709325,4045.863506640425,86.97222255281925,0.07952887803351685
293.0392254773067,0.07044311891857676,5150.748707358375,90.21724916250183,0.08150861810508735
741.220209211129,0.07028318955383261,1168.8240390410629,89.09653382945646,0.6249617084483454
786.7486891672775,0.0004941450995970023,3178.5178440035456,90.00450019839556,0.2827838952083849
883.8520373373834,0.02948298184374486,4568.963145256226,79.77652638909602,0.246366743784071
56.71412891686132,0.015141286427460748,3033.092942301074,92.93943880498335,0.029760078832300686
732.7836127875313,0.0002856716542026841,2851.3351245458466,90.62759196888594,0.3110319508247254
514.9343602141955,0.039624135028741445,4822.967993197761,92.78241732049743,0.1470812281660686
412.7913547674006,0.013018059864809686,429.1979158381389,85.31308880618357,0.6968610401020863
922.2960784081903,0.051310642175866734,4184.78995092642,93.28731557332385,0.2688252445343495
711.4716422522552,0.05315457307105768,1854.276343509277,84.38377332654106,0.43371941616078064
902.0410218081192,0.019212186185123173,3831.788873548721,92.04989196157265,0.2557558985211229
166.15526539216765,0.004955728522476205,3977.8950642560653,85.903824425913,0.06512130215323167
10.234145772956454,0.027771031374959662,4167.693652608032,83.82609726202668,0.004853172785473555
401.6961900468432,0.05584676001032356,2654.883138892768,88.47382366821651,0.19307119756121355
852.478625343194,0.07191658185938467,4127.004537823399,82.49008213784508,0.2571745619120175
816.3557718917907,0.014388917790795647,328.25077709677174,94.75599781794877,0.7481517950319846
780.2197646913638,0.056904960875174986,2124.8637051392548,76.68930225845078,0.4550466801170887
506.2167763110854,0.03837956875745854,1938.1367143733323,81.34668539087053,0.3389852174905065
566.9769543978041,0.029289603936681563,4873.054579930117,77.33751403074938,0.15195824413461073
665.1932786495536,0.050292994648727565,1438.1321532403529,93.66596024180839,0.5059097268709576
125.89633934531436,0.06895188320713609,2353.1317756413746,82.79443768954424,0.07581570949300766
931.4829859201815,0.07256647199977719,1210.6498916844705,77.89402942345149,0.7567083776047497
858.4166764594984,0.07865984626928871,2249.992750818476,78.87875177090638,0.454279619846551
531.6564835853432,0.028459419891048957,4171.14336682037,83.15837532993706,0.16738375079253573
222.4385328559756,0.002327741221597433,5008.686519767553,80.12063477549027,0.06766607120792556
69.69754951756444,0.041539698173651794,5332.687307563395,90.87099044779416,0.02086183892875855
471.7079648149173,0.07762842347165293,5121.29223786327,88.86289862210351,0.1195531361554273
582.0612676481218,0.04860364317858075,5073.040115944047,85.59061420700519,0.15718698954207366
729.5208300212228,0.03283269542245888,5429.190884473304,87.85008147664706,0.1722990606317712
53.9817680511076,0.010519045871462018,5140.5961589993985,85.70468371301477,0.015069855498191021
416.9785411219125,0.07593626149702044,3630.4974990609076,77.21697696264269,0.16292156283354658
925.3878858690838,0.03399440833000966,1566.9509983385676,78.57188539393947,0.6402710077451956
757.9322368317014,0.0504435000758433,5470.393593350598,89.1067512214843,0.176113128842054
119.93070542214156,0.0554843237056498,4796.129840039523,81.17180665691166,0.03474461144658972
861.4118898549227,0.054562347152392235,2776.052752149946,83.72337488292101,0.37409721277646346
942.8923571594053,0.025474849073708738,4518.452538082567,78.83912645713319,0.26350325416778747
497.3881351032315,0.04403365675262866,2906.152928116238,78.31204080536115,0.222809569172389
658.8234979277066,0.03068656013737705,2755.5112301218987,82.85734349880305,0.2964021358769525
576.7897784538565,0.04201406885541724,5103.755157662965,87.82798849443303,0.15468555149669014
864.8837993064126,0.03191355093833235,4785.298290260473,79.74452029531189,0.22936515020519488
259.1775851887013,0.023944948504016593,1614.3300773610072,77.48757708806356,0.2141873673443299
161.0947787858007,0.015942532325451453,467.2892759473909,88.32675512220928,0.4006116881863715
24.65608271640231,0.01647157751853804,4465.585793904231,91.74293403943494,0.008703376535028043
169.67652449028756,0.06440702405119562,2323.879097443122,89.26732624969165,0.10829720617378032
324.67639048301885,0.06791944637636452,1031.5109144605412,75.66020264493662,0.3823257499925397
667.5456087318555,0.06630130469452147,618.332971299808,79.07835505658471,0.8571548311283415
478.2410327039055,0.02502160533837559,5065.7435169193295,80.06712716728245,0.12611095108883105
804.7939933909596,0.007849815635000168,2193.6202297172786,89.62346358421088,0.41409755203436266
58.59105176879179,0.01576695087653559,1594.6849882423978,83.38480322816089,0.05652035363269915
571.3291114717011,0.03522687856021312,3908.5168216336806,93.73907462893351,0.18539705973092035
133.39307916055924,0.03656691380787107,4299.200218711406,93.59800729996263,0.041895727185966694
345.66141623937347,0.06475480339386036,3606.9557394562057,86.67991038373603,0.13523621126516436
763.37599201283,0.00573443388304903,923.9794991661979,91.02324707103621,0.5899661215303349
253.8957024233871,0.07992615607003943,4114.175002152329,92.62306352832626,0.09005720883282206
264.5201408162403,0.031425847916080246,3000.257143818233,84.06697491281787,0.11802020584884397
316.489387454589,0.0584838340540194,5516.435948339303,94.29089783533297,0.07734122703115724
837.1277831154284,0.06601524736865945,2763.034393942392,81.94393855187293,0.3828968612798226
677.2423050155462,0.05629792509813524,2028.5625982173203,81.45543386501434,0.3986559320756186
1.9805243742405352,0.06047247053774514,414.51574503895677,86.71755154362948,0.0482703844618536
845.3787849541243,0.06500025370108582,2506.433149420584,75.7682677921955,0.4101989840446675
368.03747111845985,0.042505445026587235,3250.941424162097,94.73265550624888,0.14911432445683942
964.1773984488694,0.07573216146154683,3495.0852084386174,85.63696612893999,0.3370778635366184
38.862439664612026,0.05394446115720067,3699.09045521635,85.4190174739961,0.015069456085953566
997.6737531421227,0.04385211334918453,715.4482517744909,92.86627624323522,0.77886769101779
833.1611507142683,0.013419155195589673,3690.485015261986,86.61998371640426,0.28655510622077573
305.42421922892737,0.05657442385667099,453.36114975879104,79.81002348079083,0.6469191329347795
725.8218255781057,0.050129510759636994,5044.002127164154,86.5204646295615,0.1841262831533072
358.54845613832117,0.07373238302540676,4444.996426839183,90.44168248306903,0.10674584656686238
709.4185161786253,0.04491872393493113,3532.52028729887,79.3745944750984,0.2547159993577702
597.7305508091589,0.03700263486063906,3287.772240522898,75.00117658409384,0.2353332777104481
156.07102695496425,0.0730810505600976,1376.304273231558,88.2815014717903,0.1508782474012578
936.5824989320477,0.06534874242736477,3753.4958214841345,89.44407164425097,0.3064328546769208
577.8462929825486,0.04602626949906611,2618.7253232983862,91.8513069052491,0.2683797614380032
821.6591255508615,0.013316531823554951,5537.075830963189,91.7771327849574,0.17406103891841346
299.7551782243548,0.0001005867639748497,1737.912389970995,83.50540018710615,0.19364652444595948
590.3655948487124,0.03860603194985839,3561.635656985349,77.63790386148528,0.21284677811675176
458.8568326740773,0.012465702783031963,1221.4506234536257,91.65793072990884,0.3868061601556759
507.878749655281,0.020500515912254755,483.42855901647727,82.04962528692622,0.7802006045021989
887.4639380289761,0.016093315118726276,4303.889712626115,86.75504478488672,0.2583997157662087
602.85941599136,0.048080636485572786,2721.4049175462105,83.27020639079495,0.27682114278224773
180.73315712034278,0.0020924695481570497,2096.0858042089817,80.29103749468956,0.11917129288335686
424.7212112920281,0.011246451698401915,2980.2654572185675,92.81891636319929,0.18572071683562835
754.6469931932885,0.010939755540452354,4890.656896021996,76.91782477625662,0.20089597003667833
615.8253906675384,0.01070456898308466,2602.129169581793,93.15598328271027,0.2858852791816317
588.2904114917601,0.0195187833618786,2105.125756523897,94.12086733631291,0.33467171035793586
548.7904649930178,0.0720622642378482,4855.830019067158,76.6398378124958,0.16137797459141823
955.4890245996206,0.024243858038041074,1097.8220906199049,80.6684205830103,0.7141572286471474
648.7407242663307,0.061007396812377886,1091.2717777309101,87.7557936477984,0.6076080428964274
696.5812952267656,0.07886356056081631,2993.1949688691625,90.92488555404155,0.28641307807463
879.743484835401,0.03410693161380509,4387.554598305952,75.51439654631102,0.2533431915285751
377.0238050599505,0.06379315805933458,4650.9362947128875,83.75328107465106,0.10634671407783876
627.5613199390507,0.050709558598504616,1793.804733620975,76.05802580429658,0.41815993118120276
142.48207948167808,0.05714551971801838,2168.389554653435,94.24813818959984,0.0983178124149617
645.8536137658286,0.05944196906697458,2582.190572664642,84.04692568228793,0.30781122579427866
329.503922315742,0.021413653447793127,3991.815693688303,80.370228309839,0.11177892839435863
546.425903401453,0.008390164720379739,5224.043320454469,83.14350908865255,0.14410326003152868
949.2220024897675,0.0454091699142423,5199.412044555592,88.70694459332007,0.22770495068880048
98.42303746019185,0.005924215822184532,4680.2235236990855,78.44748346191999,0.030771645708075123
601.3892507537316,0.029180060696526317,2268.2154671774765,85.06064679350644,0.32612939067367624
652.9876791317142,0.06732148751117432,2599.398668517862,92.18952032395983,0.3080280683960541
15.46440195060455,0.07617983290318638,2426.171014750515,83.61725822736791,0.015998607256628463
585.4355493876387,0.005352374033258765,4911.6360270287805,79.63137119811357,0.15889578465828513
967.2720317374557,0.0076018850588525765,815.3439409085187,81.57026095466438,0.7589950195715293
609.4491746263835,0.012375739755366155,2837.1110495066173,77.9492611077625,0.2705958534785369
573.6545680323085,0.07952224780391123,1185.1611029042065,77.05597377930104,0.5415301771960249
363.7157399322826,0.01025288794335558,5388.241894590208,89.83743616794837,0.08981917167477574
687.4567600452999,0.01292256529291265,5025.367112964506,89.89026173108168,0.18086453740025388
568.9673204874571,0.01118586929237275,3276.437694073472,85.68465476620251,0.22044432912522763
681.5952693062015,0.016659176837497153,968.9430666681642,77.7213640132366,0.6867930739944285
106.7491513914738,0.064251801779671,4560.92401967644,79.12382136607992,0.03171595273460772
210.09831928983425,0.020913173970937872,2015.4118266191447,93.13514405410496,0.13905798607027883
527.450967849379,0.018693719657661895,2434.9222166619516,84.62313738430524,0.2751996699808776
412.13111161388525,0.06287597233826818,1255.2899086855548,83.20728424184654,0.39292265623155154
990.9811643248845,0.020714007339200636,1644.9572321196324,84.44757098192241,0.587452759972238
136.88966529646288,0.04717285401040993,4705.889241935362,91.17927654512226,0.046855961019628065
41.147821786224476,0.07726711856302335,4623.137595528404,91.25345815629404,0.016831567891821057
291.85233894590453,0.07339376941094923,3886.1922731515547,76.0018719909643,0.10777768330007081
516.9392991859037,0.02415594348895229,2838.496027711716,88.54130813748108,0.23798281640967062
456.23736393260833,0.04001499723801419,2797.190859533297,93.40107449331906,0.219332911455163
597.3891824269454,0.029958215681457557,1696.659171295209,88.9076777292551,0.4157804761006099
381.395055113094,0.06713142828632279,3500.8674790043656,86.57250126665805,0.15532571219148042
869.4388826623974,0.028362317972783848,5284.25555655918,93.06748437037893,0.20903676281356415
255.86592343517083,0.009183812793690831,3116.9656510376267,82.64758819252766,0.11706958325855146
350.067706285073,0.052847046209469895,3815.8793515533675,78.96681128944223,0.12916344210427833
425.9185615340037,0.028809799485301876,647.6691679862795,81.89016057682664,0.6716303309495808
634.1202277723714,0.001271969230054961,1911.8633698096435,77.75622662181695,0.3016515111242868
6.149589142078233,0.05472227218844068,1059.6881252408841,84.7666690328293,0.019018104014802986
388.4215979802667,0.07117558510433636,3730.3673137466512,76.10394381313185,0.14967687065318622
234.96104723510456,0.041396866093568026,2037.5046083249554,91.08869153248887,0.1531310869414938
840.466873214397,0.049799555240026765,2243.253003101513,80.59114808499423,0.45014867108323725
463.6297730390724,0.040724441618368586,5503.820063087679,76.26975724186524,0.1130943720985952
200.1700915439217,0.0007264621465172726,1878.5650476796225,83.06640583380549,0.1411513496804384
197.54821549846312,0.05266590589052818,3371.4901751878438,93.97416089749186,0.07912434903261628
428.4345685585148,0.06072592637552875,3466.1784840423647,90.7077632180549,0.1593040884806512
308.5881336108076,0.03939337772631493,3385.6723895543455,94.30627423453565,0.12723296736280607
47.56619286035222,0.0664939191893676,2362.8829825626535,81.14454697411475,0.03282099669701983
331.25768788932123,0.06930176941910492,2291.152994316633,82.15468806713076,0.18765282905609998
326.8314732878214,0.044276270212079964,4064.7849796598557,85.35599165609096,0.10883340193168509
85.04138088653164,0.0179344980462427,4278.308987778218,92.36673347017803,0.029541278885653607
784.685272391681,0.013633110727414013,4740.139991549592,89.01719450982173,0.2207465545035994
28.802669223720866,0.011749597232896623,1243.1846692568245,79.28050497442523,0.04468911883181155
218.3973029477707,0.0262469869772465,1557.2273476504622,86.09503041432156,0.18527378458136406
204.92854639765793,0.039145756439378544,1681.1726822788364,92.5404292261402,0.16401512260499287
617.924405789733,0.06904032788796552,5194.3595444538305,91.43379648058081,0.16367348838552578
130.21283599813364,0.0658606876713156,3229.6754279632787,78.90007111577216,0.055619793071635726
405.2416189424271,0.06330608623634731,4147.05793860604,76.1674333095408,0.12752566606865676
827.4503875833649,0.026833354083421593,549.6599685034859,84.93979807668171,0.8264540169488332
476.30813710411564,0.07528103302466894,311.5845946109995,78.15989162306383,0.9429078441704829
236.00267907417685,0.004379328133321121,861.6856584302453,94.3667725857748,0.32931732948494785
451.70939786079936,0.028715450709249978,1597.5674099376681,93.47214692888481,0.34077188228946587
555.8311008533142,0.04745137329323494,2925.510379956576,94.95341864125727,0.2332258653894684
848.9684210209334,0.017765666361311095,289.0156059955165,75.64906301926054,0.9593277005101907
889.5944963426554,0.0037368967583418108,5458.2066400785325,91.51250466470995,0.20831392042104346
620.7885054568405,0.05604995963647666,1765.568488984028,86.0354761902893,0.42246090072147174
839.0938712229591,0.07468196303601417,3953.3981520918437,80.43765392577406,0.2820563275576383
83.25150185374021,0.0463089891599882,2901.4529399485596,94.46918492144238,0.04344308785731999
534.6585620989815,0.010052970987363734,5116.630064567145,80.49334496753148,0.13904544224834556
911.1049562286921,0.03546669518278821,1049.1268924169774,89.51926179580272,0.7164178360909307
340.2371218222738,0.03983462013105174,4936.724893082338,94.00662922728743,0.10034387417341355
33.06131001494378,0.06185705281484657,1810.4956079618717,88.10367301251652,0.030705058835510918
767.9409902311872,0.0791016018040647,2535.4373531764854,91.2472185013403,0.367569107252097
250.6567313724337,0.001433049398416813,5168.180565567702,78.01024176909404,0.07307107420485545
205.4416330716096,0.008048890554443655,3792.9206218495515,92.05968711087155,0.07575619067668284
207.71641555074078,0.04108121545331933,4641.8179682582095,85.23829625147673,0.06187337449296553
71.00363254683216,0.04346192693899337,4255.126038604261,79.94323019146583,0.026143634003768085
491.6181604799023,0.03799379074363488,4060.739992721281,90.68114190173984,0.16254375866295723
683.0071564246088,0.014856379597642017,4762.821600778964,82.73580386716989,0.19152163432364994
519.4951885323081,0.018881187424501022,3740.819718857608,81.20873320049178,0.18674785047083167
713.906369700139,0.025852303228412435,1634.5322371219097,88.64518526131508,0.4457033137122492
694.6104202036745,0.061728834893169535,944.7447286997462,88.97951569926657,0.6770621565750801
771.3095899021841,0.023494211586800432,1289.6530851483296,80.62772113920427,0.6227461652471887
187.3982194860084,0.012693247556862177,4712.514322031341,80.97856877871675,0.05355895139252415
392.51923900558234,0.04564962604843492,3396.9931793719634,88.79306083273005,0.15644305601544467
701.1647646265533,0.05973904461736648,2670.2533070425357,93.93070646678844,0.3162089092567317
284.53910822744166,0.07404274956984355,4433.496709164044,80.91113932303095,0.08431851669910116
285.9979794453492,0.06940281504349134,5401.021786862903,82.9647368429285,0.0780451525348769
968.58754458317,0.04824823659109858,2708.584956712796,77.83441390187978,0.42945720070930693
856.110208280434,0.06008067825274909,3405.0351556039477,93.23445730434166,0.306922377150903
436.35202933589795,0.05890219435330089,5180.829217393447,89.38764194908842,0.1147702562117344
187.9748315514319,0.03341813524991638,3622.406084160413,81.73928959087434,0.06936982354204846
274.2510087194653,0.006267363439896628,1982.721029658481,78.75139005021485,0.186369035954416
385.99200656370203,0.06991402088771331,373.9456241914546,81.25213575216286,0.8050367179433663
473.79832966669716,0.0534387971579171,5257.383452228242,80.86651073987575,0.11757413269498526
261.81972392188095,0.0296927387043312,3720.264316158625,89.31306271662893,0.09574671857627456
672.5681591790627,0.03633560445512087,752.1536687965518,84.2890371356802,0.7636940635593047
174.17081531434036,0.033393743419362104,4202.933387436606,81.7805834067341,0.061850373388719106
818.3106526998341,0.03004478669648717,3086.881421471465,84.87280659916956,0.30487080248357445
806.4509407610426,0.03501981452021801,2069.5019070995195,91.32543115005329,0.4447749851812807
154.97241512027716,0.0017728888033200073,3265.3425334406484,92.27135237996315,0.06575541133801052
755.594042163616,0.02526997317569432,3101.394145230049,82.30226270472212,0.301050971952273
918.9253025150158,0.06554579211744187,3166.424185317987,82.27251965196555,0.3516437704492569
65.251793800015,0.06568575148911489,1331.988270532957,85.97690194243764,0.06712229814506294
146.94667423540918,0.02206270763599494,3763.1376277207787,77.28071496312786,0.058726662661606324
499.0870016184761,0.032761629318242204,669.5903696953059,78.50168966061997,0.6749694445229283
239.43759155260344,0.03744923913695841,4957.616661973996,85.16889818312158,0.0651506610027232
938.2703123937638,0.05104807759505766,566.3642291248788,75.07507378854676,0.9591653473434397
32.025641738723195,0.07506384674674979,2884.5959403761535,94.66166872128102,0.019322455266216954
946.1552909976941,0.062282537544694566,4364.900886155059,85.25962390081479,0.2684195454105158
353.8817751027849,0.04733951808211688,4226.417950747243,82.59065564581782,0.11304697952866251
829.5425306432338,0.014420616342675368,3454.6588895314007,75.20409485342672,0.31610801624098406
313.1616561905156,0.06343935670625593,1141.7061081627578,80.23359615315168,0.3460311328250216
933.5789697430369,0.048403936192077765,1776.9648069897407,94.44377727596404,0.543600738372855
523.4279118610411,0.07222379251752833,1571.5998037196553,82.40654166864478,0.40823069680829804
171.64363485120865,0.053371131962526144,5306.426764562127,76.55549368155067,0.04915708912827958
978.0261363351606,0.04682907473609222,4479.71838243273,78.72089490592488,0.2748462387640305
177.73841223275295,0.01755069166204865,293.5188311534555,88.69859169934251,0.6116065466977183
554.841009413498,0.015392544139668786,4669.071550309597,86.18234571961766,0.15549806743107528
213.44936082384552,0.06382031202796128,4904.1859185372705,87.65657917848884,0.058489203957460455
361.4150153984965,0.07120044486511949,2522.6190841344433,90.7635783271705,0.182929689382284
312.43618270828216,0.004760243015288653,3017.507317181446,75.59317990372605,0.1417789198444122
197.36031412692753,0.019034909428315875,2819.5765719393203,87.60814185822258,0.09509508359397194
439.71779878816585,0.031671792238908814,3650.3204876151776,94.86466262886255,0.16042810034400248
377.7562102154194,0.003455586320550072,5443.212713692135,79.4162369213624,0.09220058596200953
390.7029660546966,0.057548222067984475,5369.737947962646,83.90418184821527,0.10519260443345485
788.4240974231002,0.012156567078554696,988.676295614526,88.38922659615791,0.6210981344543487
404.5826773317821,0.04900825703575817,2299.3839256259444,77.36338704561729,0.22368725378040152
76.3188640724941,0.007418114511010109,1845.22022494758,91.6087622340267,0.06005641789700436
705.5913293674184,0.04081167250067139,4142.93913213157,83.56559952271112,0.214549930965029
419.52538984586977,0.07859219613748405,2933.5912509522295,89.72286592096218,0.19179046327641652
434.3654598596091,0.07792215104210977,847.8793016210581,84.24265822191511,0.5740911362785225
984.8135485663348,0.03375885355247614,1461.719531172645,80.18942830035594,0.629085238742166
607.1256738515152,0.0514002245852586,1947.1189143295128,84.72136099310747,0.37416994112874513
972.0308405792513,0.0038907351986916454,819.2390728327864,81.61479655560194,0.6950999909366785
563.7146395233742,0.057749730702442825,4455.998056964444,81.84606664843986,0.16372037503900205
916.6455662111478,0.07458489631995067,2641.3169791080704,79.4941364095489,0.4156043110634946
300.5160952559351,0.052528026328569434,1195.4022871721338,84.97946888939549,0.31559393146742426
812.8352503482794,0.02738393852073334,3565.4139489991367,94.17807923904466,0.2775139576595723
895.8992962049014,0.044672725230755175,2633.349308433223,89.47089196775863,0.38613635513455136
953.0441470567793,0.016855688248709942,3218.6098235182926,84.56787183243992,0.31089235005760935
559.9255141756303,0.049559753456204725,3776.75395560164,82.36118418875262,0.1915087675672977
750.1616907012718,0.011933021861214638,2799.2313438994834,90.16455245567741,0.32489960055878075
271.0526334671998,0.055325825244135124,4972.1502274938375,88.83348545092102,0.07187568973679932
333.7465002070676,0.04513470932930198,3903.862854273944,89.93073528699016,0.11280391582521056
981.4871128588647,0.008427715361692628,5495.399540701976,78.24555424825195,0.20818589879035276
63.64864482007572,0.03766971648160212,1240.1856134187985,86.94181857884874,0.07229356895620716
679.4653952416309,0.022765417174437263,3132.5787222832178,90.54494656469892,0.27684671693014556
914.2462582206098,0.026028814324970256,5245.686791966339,92.57097706497179,0.2195080703115795
81.91016066754112,0.006156112347155584,3937.946534604421,89.19014771159243,0.03205454538757528
42.60327234536847,0.032258606856972544,2739.3711996163106,76.20646711810701,0.028322598417387095
635.6692737809017,0.07830883179955084,3236.6748604101313,78.65289815656463,0.258714154120508
128.19256643009294,0.06820624074179492,2557.1542654962445,82.9168266890242,0.0698907351764989
796.958341491149,0.016232865598287856,1073.4898931293055,87.328946431997,0.6152821451488234
731.385279891378,0.00274599852596153,4922.631555009606,79.30304823624206,0.1927594135134771
277.9244421459145,0.0064911948739848,3473.885535822431,94.05593941664371,0.1077862826300395
592.7796139071199,0.0070070983825679875,1301.0101775930289,87.13193743796596,0.47929127389796294
854.2822210420159,0.0780814066375601,1313.3110936779183,85.4991347653312,0.6473630271077467
985.2798946749348,0.06497011485384113,5351.273462455038,79.16284538911825,0.24196007819732065
355.4593178762906,0.05191342922559618,1968.91357003397,76.5117948584378,0.23455558150831154
182.54132570212707,0.00865207765888561,1898.7584495644815,75.16199759626797,0.1317800879771386
928.9339772393932,0.031232555778206522,3674.348624625223,91.8487815017539,0.3136928142241506
302.78412856153966,0.01396731885324698,1704.209886446603,88.01043553774657,0.20471650357845808
776.7157380322369,0.014170631026196156,2146.9241577725174,83.40912199369055,0.40039098586265376
321.53397217694777,0.053663675786734366,5238.691826614978,87.46380304431419,0.08160489447773515
344.65504325533635,0.020383764674311234,2386.8658863877176,83.45613524781217,0.20111984311754466
121.49283619944796,0.03436880934495918,630.3068062809965,93.30360548376085,0.2444847394632698
582.9215125894922,0.06663881420726976,1802.6227912771499,90.10536844204988,0.37392133582070447
228.77372973146154,0.008968597253061185,4350.161587206705,86.28730909432414,0.07737727487085864
20.075161031719375,0.058189592926578444,5085.384204046069,87.91123732108376,0.007652499655418464
520.2453041388264,0.04271183589118497,5302.9926484474945,75.44441604145086,0.13341251488098405
893.255289777568,0.06878369320766627,5379.316810689546,93.60686127377316,0.20739875809218236
347.8532219415261,0.07140717180833539,586.2228685491381,78.28097563611551,0.6396132399528132
482.73933159645566,0.07086778518136456,3315.156674538728,81.44583346281745,0.18696271764910663
26.344786802852923,0.005426278617093403,2453.147305961288,75.94156408384237,0.015762183762943985
192.35874907195873,0.03477889085202897,889.368378692138,85.03066369732714,0.2811710387755275
466.3376242574372,0.036653533626718575,4617.6571788514475,76.7220383616952,0.13401100164072147
444.45911374242405,0.05789848611665726,5324.3503366954465,80.03437612409715,0.11244273885911173
641.9166091443968,0.04779423011923975,767.3807712828079,87.51157876510706,0.7240360765900948
622.6397360399308,0.05502629000208843,1343.6075562466415,93.86586070964054,0.49299812892174105
151.04485681116893,0.043225292298528846,570.7797070643385,78.62249344900451,0.34669474795672695
794.0306466855192,0.03565469925121742,2055.652827192854,75.33869543771551,0.43739350071238897
631.9296476906436,0.01556571422893527,1926.057439913039,94.61358884845932,0.32324429821841194
60.369777842755596,0.03882068782054321,4996.715016032977,76.99793512153454,0.018097984525913723
790.4157293814628,0.07423330427451312,4025.9466629854096,86.39509723246066,0.2556298320489843
902.872493985608,0.03210621297073349,596.2399212694635,90.98043232308673,0.7829018553539623
541.4774318221623,0.05915126001554746,490.0650973579865,83.30797198377833,0.8273948163678075
908.9157586751255,0.05927882271906111,678.7697190564205,94.84451967960776,0.7636959896377009
699.4190824209244,0.018360195644783833,1959.5628503968273,85.83531939787721,0.4165815388708061
249.24026857756246,0.02671006331409293,407.91625307031694,75.25256613182786,0.6189567786191457
832.3330974138622,0.04162149807930662,4214.953300458307,78.35382741269555,0.26702459665574524
612.403215686221,0.009755924662989772,1401.7700555042918,78.05098943982806,0.45502472350230044
745.239577219889,0.06857957880917645,3052.4346145828677,84.6801519798502,0.2987338294043986
282.0005356376047,0.006945884231552942,511.75330038872124,81.96381273404863,0.5525723258214628
288.4484353932705,0.003013485171901767,2873.7635864305203,80.7366144597206,0.14581485167926417
399.6289436209759,0.06682416908118922,2462.2310075169835,84.82075502464791,0.20771812523825534
997.2303158435253,0.0018508928524522412,3431.5959674050364,90.4898374135346,0.3062143227666433
469.07010952127877,0.01852324188084701,4395.0191018919,77.67300506296438,0.14130803492659738
867.4092636956494,0.0701491236309276,4236.205496082704,86.40048621433365,0.2535674204420239
